keyword,category,subcategory,subcategory2
numeric,other,computational,
solver,other,computational,
stability analysis,other,theoretical,
linear stability,other,theoretical,
linear instability,other,theoretical,
analytical solution,other,theoretical,
convergence,other,computational,
computation,other,computational,
density function,other,computational,
spe10,simulation,simulation,
mrst,simulation,simulation,
COMSOL,simulation,simulation,
open foam,simulation,simulation,
openfoam,simulation,simulation,
simulation,simulation,simulation,
large eddy,simulation,simulation,
\bles\b,simulation,simulation,
data assimilation,simulation,simulation,
mesh,simulation,simulation,
discrete element,simulation,,
discrete-element,simulation,,
finite element,simulation,,
finite-element,simulation,,
fem,simulation,,
finite volume,simulation,,
finite-volume,simulation,,
FVM,simulation,,
finite difference,simulation,,
finite-difference,simulation,,
\bFD\b,simulation,,
lattice boltzmann,simulation,,
molecular dynamics,simulation,,
partial differential,simulation,,
monte carlo,simulation,simulation,
neural network,other,ml,
PINN,other,ml,
cnn\b,other,ml,
\bgan\b,other,ml,
\bann\b,other,ml,
\bai\b,other,ml,
deep learning,other,ml,
machine learning,other,ml,
experiment,other,experimental,
experimental,other,experimental,
laboratory,other,experimental,
image,imaging,,
imaging,imaging,,
sem,imaging,optical,
tomography,imaging,tomography,
mri\b,imaging,tomography,
scan,imaging,,
\bnmr\b,imaging,tomography,
resonance,imaging,tomography,
magnetic,imaging,tomography,
pet,imaging,tomography,
\bct\b,imaging,tomography,
micro-ct,imaging,tomography,
positron,imaging,tomography,
xray,imaging,synchrotron,
x-ray,imaging,synchrotron,
microscopy,imaging,optical,
microscope,imaging,optical,
optical,imaging,optical,
photo,imaging,optical,
spectromet,imaging,spectroscopy,
scopy,imaging,spectroscopy,
spectroscopy,imaging,spectroscopy,
raman,imaging,spectroscopy,
infrared,imaging,thermography,
synchrotron,imaging,synchrotron,
laser,imaging,laser,
segmentation,imaging,image analysis,
denoising,imaging,image analysis,
fiji,imaging,image analysis,
imagej,imaging,image analysis,
opencv,imaging,image analysis,
scikit-image,imaging,image analysis,
dicom,imaging,image analysis,
avizo,imaging,image analysis,
dragonfly,imaging,image analysis,
geoslicer,imaging,image analysis,
puma,imaging,image analysis,
pypore,imaging,image analysis,
sequencing,imaging,image analysis,
image analysis,imaging,image analysis,
porespy,imaging,image analysis,
function,other,,
fractional flow theory,other,,
homogenization,other,,
boundary value problem,other,,
solution,other,,
mathematical,other,,
centrifuge,other,,
simulator,simulation,,
review,other,,
constitutive,other,,
microfluidic,other,,
glass beads,imaging,,
cnns\b,other,ml,
\bgans\b,other,ml,
\banns\b,other,ml,
algorithm,other,computational,
theoretical,other,theoretical,
analytical,other,theoretical,
estimate,other,theoretical,
visualized,imaging,,
